"crawl","sum_fetch_200"
"CC-MAIN-2021-49",1580283
"CC-MAIN-2022-05",1502158
"CC-MAIN-2022-21",1680760
"CC-MAIN-2022-33",1562564
"CC-MAIN-2022-40",1563441
"CC-MAIN-2022-49",1693914
"CC-MAIN-2023-06",1593404
"CC-MAIN-2023-14",1484858
"CC-MAIN-2023-23",1562143
"CC-MAIN-2023-40",1505372
"CC-MAIN-2023-50",1456687
"CC-MAIN-2024-10",1337494
"CC-MAIN-2024-18",1276006
"CC-MAIN-2024-22",1163912
"CC-MAIN-2024-26",1191639
"CC-MAIN-2024-30",1068524
"CC-MAIN-2024-33",1049779
"CC-MAIN-2024-38",1135965
"CC-MAIN-2024-42",1115931
"CC-MAIN-2024-46",1089498
"CC-MAIN-2024-51",1140704
"CC-MAIN-2025-05",1251250
"CC-MAIN-2025-08",1163849
"CC-MAIN-2025-13",1231468
